sample,time,F_AFR,F_AFR_C_%,F_AFR_L_%,IPW_ms,FPDC_%,IAM,IGN_T_deg,IGN_FLKC,Boost_psi,WGDC_%,IAT_F,MAF_g/s,MAP_psi,VVT_DC_L,VVT_DC_R,VVT_Adv_L,VVT_Adv_R,Batt_V,ECT_F,RPM,MPH,Gas_Pedal,Throttle_%,Ign_Sw,A/C_Sw,Defog_Sw,Blower_Sw,Clutch_Sw,Brake_Sw,Load_g/rev
0,2.500,14.0109,8.59375,-3.125,2.304,33.3333,1,8.5,0,-9.57647,0,75.2,3.04,4.93333,9.41177,9.41177,0,0,14,195.8,818.25,0,0,4.31373,1,0,0,1,0,0,.222915
1,2.750,13.7813,0,-3.125,.768,33.3333,1,15.5,0,-9.86667,0,75.2,2.22,4.64314,9.41177,9.41177,1,0,13.76,195.8,713,0,0,1.96078,1,0,0,1,0,0,.186816
2,3.000,15.1594,0,-3.125,.768,33.3333,1,12.5,0,-10.0118,0,75.2,1.63,4.49804,9.41177,9.41177,1,2,13.76,195.8,500.25,0,0,1.56863,0,0,0,1,1,1,.195502
3,3.250,17.4562,0,-3.125,.768,0,1,5,0,-9.86667,0,75.2,1.73,4.64314,9.41177,9.41177,4,3,13.28,195.8,324,0,0,1.96078,0,0,0,1,1,1,.32037
4,3.500,14.7,0,-3.125,.768,0,1,5,0,-9.43137,0,75.2,1.68,5.07843,9.41177,9.41177,4,0,13.28,195.8,229.5,0,0,1.96078,0,0,0,1,1,1,.439216
5,3.750,14.7,0,-3.125,.768,0,1,5,0,-9.43137,0,75.2,1.68,5.07843,9.41177,9.41177,4,0,13.28,195.8,229.5,0,0,1.96078,0,0,0,1,1,1,.439216
6,4.000,14.7,0,-3.125,.768,0,1,5,0,-9.43137,0,75.2,1.68,5.07843,9.41177,9.41177,4,0,13.28,195.8,229.5,0,0,1.96078,0,0,0,1,1,1,.439216
